Gene_set,Term,Overlap,P-value,Adjusted P-value,Old P-value,Old Adjusted P-value,Odds Ratio,Combined Score,Genes
KEGG_2019_Mouse,Cytokine-cytokine receptor interaction,59/292,4.488331557911976e-16,1.2163378521941453e-13,0,0,3.975965665236052,140.51015126633786,CSF3R;EPO;MPL;CXCL1;CXCL13;CXCL14;CXCL2;TNFSF13B;IL18RAP;TNFRSF4;TNFRSF12A;IL1R1;IL1R2;OSMR;NGF;CSF2RB2;IL1A;IL1B;CCL11;IL4RA;IL20RB;CXCR4;CSF2RB;TNFRSF11A;IL2RG;CCL8;CCL7;CCL6;CCL5;CXCR2;CCL4;IL21R;CCL3;CCL2;CCL17;RELT;CCR1;CCL22;TGFB1;GDF15;TGFB3;IL31RA;LIF;BMP8A;TNFRSF10B;IFNLR1;INHBB;PPBP;GDF3;BMP6;INHBE;GDF9;CXCL10;IL6;FASL;TNFSF4;IL17F;IL7R;PF4
KEGG_2019_Mouse,IL-17 signaling pathway,24/91,8.849734857022601e-10,1.1991390731265625e-07,0,0,5.511405933296481,114.88781083608188,CEBPB;JUN;CCL11;JUND;MMP3;TNFAIP3;CXCL1;FOS;PTGS2;CXCL2;NFKBIA;FOSL1;CXCL10;IL6;CCL7;IL1B;TRAF5;LCN2;CCL2;FOSB;IL17F;S100A9;CCL17;S100A8
KEGG_2019_Mouse,MAPK signaling pathway,46/294,5.927607001144178e-09,5.354604991033575e-07,0,0,2.878342752075278,54.52630399315952,FLT1;HSPB1;AREG;DUSP16;RELB;IGF1R;DUSP10;MYC;FLNA;MAP3K8;CD14;MAP3K6;MAP4K4;FGF21;PRKCG;DUSP4;DUSP5;MAP3K3;PDGFRA;JUN;DUSP2;JUND;TGFB1;GADD45B;IL1R1;PRKCB;GADD45A;DUSP1;TGFB3;HGF;FOS;DUSP8;NGF;DUSP6;EREG;GADD45G;IL1A;NR4A1;FASL;KITL;DDIT3;IL1B;MAPKAPK2;RASA2;EPHA2;FGFR1
KEGG_2019_Mouse,Transcriptional misregulation in cancer,32/183,8.979609308952709e-08,6.083685306815459e-06,0,0,3.2674739516177707,53.01713172308813,CDKN1A;CEBPB;FLT1;DOT1L;JMJD1C;PLAT;MLLT3;IGF1R;MYC;NFKBIZ;CD14;UTY;BCL2A1A;GADD45B;H3F3B;GADD45A;IL1R2;ZBTB16;MMP3;KLF3;FLI1;DUSP6;RUNX1;GADD45G;IL6;NR4A3;DDIT3;MDM2;REL;BMP2K;BCL2L1;BIRC3
KEGG_2019_Mouse,Pathways in cancer,64/535,3.2231671339762535e-07,1.7469565866151295e-05,0,0,2.115119483218141,31.61623747584453,CDKN1A;CSF3R;EPO;LAMC3;SLC2A1;BBC3;IGF1R;RASSF1;MYC;PIM1;BDKRB2;PRKCG;PDGFRA;APAF1;PRKCB;ITGA2;HGF;FOS;RUNX1;CSF2RB2;TRAF5;PPARD;BIRC3;NOTCH3;GSTP2;ROCK2;GSTP1;IL4RA;LPAR1;ADCY3;CXCR4;CSF2RB;PTGS2;IL2RG;GNA13;BCL2L11;STAT4;HMOX1;PMAIP1;HES1;RALGDS;FGF21;JAG2;JUN;CDKN2B;TGFB1;GADD45B;CDKN2A;GADD45A;TGFB3;WNT7B;ZBTB16;TXNRD1;FZD9;GADD45G;NFKBIA;IL6;FASL;KITL;GSTA1;MDM2;IL7R;BCL2L1;FGFR1
KEGG_2019_Mouse,TNF signaling pathway,22/110,8.81043022741569e-07,3.333325383100208e-05,0,0,3.835866885784717,53.4802674752342,JUN;CEBPB;VCAM1;MMP3;LIF;TNFAIP3;CXCL1;FOS;PTGS2;SELE;CXCL2;NFKBIA;SOCS3;CXCL10;IL6;IL1B;CCL5;TRAF5;CCL2;MAP3K8;JUNB;BIRC3
KEGG_2019_Mouse,NF-kappa B signaling pathway,21/102,9.4266433295068e-07,3.333325383100208e-05,0,0,3.976160068114091,55.16745383718081,LYN;VCAM1;GADD45B;SYK;IL1R1;PRKCB;TNFAIP3;TNFRSF11A;PTGS2;CXCL2;TNFSF13B;RELB;NFKBIA;IL1B;TRAF5;CCL4;CD14;BCL2A1A;LAT;BCL2L1;BIRC3
KEGG_2019_Mouse,Hematopoietic cell lineage,20/94,9.84007493166113e-07,3.333325383100208e-05,0,0,4.143183380262954,57.306989170503705,CSF3R;EPO;IL1R1;ITGB3;IL1R2;ITGA2;IL4RA;GP5;IL1A;GP9;IL6;KITL;IL1B;CD38;CD37;CD14;IL7R;MS4A1;CD33;CD55
KEGG_2019_Mouse,Chemokine signaling pathway,31/197,1.536730074387112e-06,4.627265001765637e-05,0,0,2.8746359610627943,38.47945649407041,ITK;CCL11;ROCK2;ADCY3;CXCR4;CXCL1;CXCL13;CXCL14;CXCL2;PIK3R5;CCL8;GRK5;CCL7;CCL6;CCL5;CXCR2;CCL4;CCL3;CCL2;CCL17;LYN;CCR1;VAV3;CCL22;PRKCB;PRKCD;PPBP;NFKBIA;FGR;CXCL10;PF4
KEGG_2019_Mouse,Fluid shear stress and atherosclerosis,25/143,2.2500460943541574e-06,6.097624915699767e-05,0,0,3.253532236897216,42.31075471678296,NCF2;GSTP2;ITGB3;GSTP1;PLAT;ACTG1;THBD;CTSL;GPC1;HMOX1;CCL2;JUN;VCAM1;IL1R1;DUSP1;NOS3;IL1R2;FOS;SELE;KLF2;IL1A;IL1B;GSTA1;PECAM1;SQSTM1
KEGG_2019_Mouse,Rheumatoid arthritis,18/84,3.0441747548726846e-06,7.49973962336816e-05,0,0,4.17578735760554,53.042023201558784,JUN;FLT1;TGFB1;TGFB3;CD80;ITGB2;MMP3;FOS;TNFRSF11A;TNFSF13B;IL1A;IL6;CTSL;IL1B;CCL5;CCL3;CD28;CCL2
KEGG_2019_Mouse,Osteoclast differentiation,23/128,3.498981470996212e-06,7.901866488666444e-05,0,0,3.360651629072682,42.21999627197807,JUN;TGFB1;JUND;SYK;NCF2;IL1R1;ITGB3;NCF4;TNFRSF11A;GAB2;FOS;FOSL2;RELB;FOSL1;NFKBIA;SOCS3;IL1A;SOCS1;FCGR4;IL1B;FOSB;JUNB;SQSTM1
KEGG_2019_Mouse,C-type lectin receptor signaling pathway,20/112,1.637175927601809e-05,0.0003412882126,0,0,3.3293505011235154,36.6892850535483,PLK3;EGR2;JUN;EGR3;FCER1G;CCL22;SYK;CLEC4N;PRKCD;CBLB;PTGS2;RELB;NFKBIA;IL6;CLEC4D;IL1B;MAPKAPK2;MDM2;CLEC4E;CCL17
KEGG_2019_Mouse,FoxO signaling pathway,22/132,1.9613096679438005e-05,0.0003796535142948,0,0,3.065078060805259,33.22334052243019,PLK3;CDKN1A;CDKN2B;G6PC;TGFB1;GADD45B;TGFB3;GADD45A;PLK2;IRS2;CSNK1E;KLF2;IGF1R;GADD45G;IL6;BCL2L11;FASL;CCNG2;MDM2;PCK1;IL7R;SGK1
KEGG_2019_Mouse,Malaria,12/49,3.2837824507289447e-05,0.0005932700294316,0,0,4.949183902729135,51.09502579717819,SELP;IL6;TGFB1;VCAM1;TGFB3;HGF;IL1B;ITGB2;PECAM1;CCL2;THBS1;SELE
KEGG_2019_Mouse,Inflammatory bowel disease (IBD),13/59,5.181922365518957e-05,0.0008734744129954,0,0,4.31404709553869,42.56993548546682,JUN;TGFB1;TGFB3;IL4RA;RORA;IL2RG;IL1A;IL6;IL18RAP;IL1B;IL21R;STAT4;IL17F
KEGG_2019_Mouse,Apoptosis,22/141,5.5653365745162174e-05,0.0008734744129954,0,0,2.831898248206431,27.74231738216455,JUN;GADD45B;APAF1;GADD45A;EIF2AK3;TNFRSF10B;CSF2RB;FOS;NGF;ACTG1;GADD45G;BBC3;NFKBIA;CSF2RB2;BCL2L11;FASL;CTSL;DDIT3;PMAIP1;BCL2A1A;BCL2L1;BIRC3
KEGG_2019_Mouse,PPAR signaling pathway,16/85,5.801675067866214e-05,0.0008734744129954,0,0,3.544052993944565,34.57145295579871,CYP4A12A;CYP4A12B;CYP4A31;CYP4A10;CYP4A32;CYP4A14;SORBS1;FABP4;SCP2;EHHADH;OLR1;PLIN2;ANGPTL4;PCK1;PLIN5;PPARD
KEGG_2019_Mouse,JAK-STAT signaling pathway,24/164,7.499785333232228e-05,0.0010697062238452,0,0,2.6273015873015875,24.9542446447932,PDGFRA;CDKN1A;CSF3R;EPO;MPL;IL4RA;LIF;IL20RB;CSF2RB;IFNLR1;OSMR;IL2RG;GFAP;CSF2RB2;SOCS3;IL6;SOCS1;MYC;PIM1;IL21R;STAT4;IL7R;SOCS7;BCL2L1
KEGG_2019_Mouse,Complement and coagulation cascades,16/88,8.959920352651096e-05,0.0012140692077842,0,0,3.3958390115381123,31.64977693720589,C1QB;C1QA;VWF;SERPINE1;ITGB2;C5AR1;PLAUR;PLAT;SERPINA1E;THBD;PROCR;C6;C7;C3AR1;BDKRB2;CD55
KEGG_2019_Mouse,p53 signaling pathway,14/71,9.835874961032006e-05,0.0012692962449712,0,0,3.750175438596491,34.60245270150388,CDKN1A;APAF1;GADD45B;CDKN2A;GADD45A;SERPINE1;THBS1;BBC3;GADD45G;CCNG2;SESN2;MDM2;PMAIP1;BCL2L1
KEGG_2019_Mouse,PI3K-Akt signaling pathway,41/357,0.0001035696887016,0.0012757902562798,0,0,1.9976463937786608,18.32893673930717,CDKN1A;CSF3R;FLT1;EPO;LAMC3;ITGB3;LPAR1;IL4RA;PPP2R2A;IL2RG;AREG;THBS1;PIK3R5;IGF1R;BCL2L11;MYC;PCK1;FGF21;PDGFRA;G6PC;SYK;VWF;NOS3;HGF;ITGA2;MAGI2;OSMR;NGF;EREG;NR4A1;IL6;FASL;KITL;DDIT4;ITGA11;MDM2;SGK1;IL7R;EPHA2;BCL2L1;FGFR1
KEGG_2019_Mouse,Proteoglycans in cancer,27/203,0.000145583084883,0.0016664747208933,0,0,2.352399302430243,20.782891739665686,CDKN1A;ROCK2;ITGB3;IQGAP1;THBS1;ACTG1;IGF1R;CTSL;MYC;GPC1;TIMP3;FLNA;PRKCG;TGFB1;PRKCB;WNT7B;HGF;ITGA2;FZD9;PLAUR;ANK1;DCN;FASL;MDM2;HCLS1;HBEGF;FGFR1
KEGG_2019_Mouse,AGE-RAGE signaling pathway in diabetic complications,17/101,0.000147584477127,0.0016664747208933,0,0,3.093182526693165,27.28530276078354,EGR1;JUN;TGFB1;VCAM1;PRKCB;TGFB3;NOS3;SERPINE1;PRKCD;AGER;SELE;THBD;IL1A;IL6;IL1B;PIM1;CCL2
KEGG_2019_Mouse,Prion diseases,9/34,0.0001668139037566,0.0018082627167222,0,0,5.483707317073171,47.70075038767983,C1QB;C1QA;EGR1;IL1A;IL6;C6;C7;CCL5;IL1B
KEGG_2019_Mouse,Chagas disease (American trypanosomiasis),17/103,0.0001887120904498,0.0019669606350734,0,0,3.0209245232748447,25.9052979200014,C1QB;C1QA;JUN;TGFB1;ACE;TGFB3;SERPINE1;PPP2R2A;FOS;NFKBIA;IL6;FASL;IL1B;CCL5;BDKRB2;CCL3;CCL2
KEGG_2019_Mouse,Leishmaniasis,13/67,0.0002047880353842,0.0020554650958942,0,0,3.673358105250438,31.19979595582592,JUN;TGFB1;NCF2;PRKCB;TGFB3;ITGB2;NCF4;FOS;PTGS2;NFKBIA;IL1A;FCGR4;IL1B
KEGG_2019_Mouse,Salmonella infection,14/78,0.0002790032317494,0.0027003527072896,0,0,3.33875,27.32528886522316,JUN;ROCK2;CXCL1;FOS;CXCL2;ACTG1;IL1A;IL6;IL1B;CCL4;CCL3;FLNA;CD14;RAB7B
KEGG_2019_Mouse,Colorectal cancer,15/88,0.0003083601825198,0.0028815727400993,0,0,3.1372549019607843,25.362327951273063,CDKN1A;JUN;TGFB1;GADD45B;TGFB3;GADD45A;FOS;AREG;BBC3;EREG;GADD45G;BCL2L11;MYC;PMAIP1;RALGDS
KEGG_2019_Mouse,TGF-beta signaling pathway,15/91,0.0004478429497998,0.0040455146465256,0,0,3.012932146542828,23.23292449714781,TGIF1;CDKN2B;TGFB1;TGFB3;FST;BMP8A;INHBB;THBS1;DCN;BMP6;INHBE;MYC;ID1;ID4;ID3
KEGG_2019_Mouse,HIF-1 signaling pathway,16/104,0.0006472198878852,0.0056579545037713,0,0,2.776035085111128,20.38393833469357,PRKCG;CDKN1A;PFKFB3;FLT1;EPO;PRKCB;NOS3;SERPINE1;SLC2A1;HK2;IGF1R;HK1;IL6;HKDC1;HMOX1;TIMP1
KEGG_2019_Mouse,Chronic myeloid leukemia,13/76,0.0007349933165188,0.006224474649269,0,0,3.1470778632279446,22.708209714966653,CDKN1A;TGFB1;GADD45B;TGFB3;CDKN2A;GADD45A;GAB2;RUNX1;GADD45G;NFKBIA;MYC;MDM2;BCL2L1
KEGG_2019_Mouse,Inflammatory mediator regulation of TRP channels,18/127,0.0008367251816815,0.0068712886132033,0,0,2.522642742826229,17.875484009279127,PRKCG;CYP4A12A;CYP4A12B;PRKCH;IL1R1;PRKCB;CYP4A31;CYP2J8;CYP4A10;CYP4A32;PRKCD;CYP2J9;ADCY3;ALOX12;CYP4A14;NGF;IL1B;BDKRB2
KEGG_2019_Mouse,Arachidonic acid metabolism,14/89,0.001103357094982,0.0087944050805924,0,0,2.847390476190476,19.38901456463071,CYP4A12A;CYP4A12B;PLA2G2D;GPX3;CYP4A31;CYP4A10;CYP2J8;CYP4A32;EPHX2;CYP2J9;CYP4A14;ALOX12;PTGS2;PTGES
KEGG_2019_Mouse,Small cell lung cancer,14/92,0.0015328854004982,0.0118689126724296,0,0,2.737435897435897,17.74023648533509,CDKN1A;CDKN2B;APAF1;GADD45B;LAMC3;GADD45A;ITGA2;PTGS2;GADD45G;NFKBIA;MYC;TRAF5;BIRC3;BCL2L1
KEGG_2019_Mouse,Hepatocellular carcinoma,21/171,0.002104511384437,0.0158028490919988,0,0,2.13919540229885,13.185298718537547,PRKCG;CDKN1A;TGFB1;GADD45B;PRKCB;TGFB3;GADD45A;GSTP2;CDKN2A;HGF;GSTP1;TXNRD1;WNT7B;FZD9;ACTG1;IGF1R;GADD45G;MYC;GSTA1;HMOX1;BCL2L1
KEGG_2019_Mouse,"Neomycin, kanamycin and gentamicin biosynthesis",3/5,0.0021575845623762,0.0158028490919988,0,0,22.765776699029125,139.7537746241084,HKDC1;HK2;HK1
KEGG_2019_Mouse,Amoebiasis,15/106,0.0022268764726274,0.0158811453705799,0,0,2.514274940745529,15.355067681658698,PRKCG;TGFB1;IL1R1;PRKCB;TGFB3;LAMC3;IL1R2;ITGB2;HSPB1;IL6;SERPINB6A;IL1B;CD14;RAB7B;VCL
KEGG_2019_Mouse,Type II diabetes mellitus,9/48,0.0024424672470801,0.0169720159989413,0,0,3.5125703564727955,21.127220551691018,SOCS3;SOCS1;PKM;HKDC1;PRKCD;PDX1;IRS2;HK2;HK1
KEGG_2019_Mouse,Cysteine and methionine metabolism,9/50,0.0032658837971144,0.0221263627254504,0,0,3.340868530636526,19.123882712562462,LDHC;BHMT;GCLC;SDS;LAO1;GOT1;TAT;BCAT1;SDSL
KEGG_2019_Mouse,Th17 cell differentiation,14/102,0.0040787210567017,0.0269593513747845,0,0,2.425064935064935,13.34263890093547,JUN;TGFB1;IL1R1;IL4RA;RORA;FOS;IL2RG;RUNX1;NFKBIA;IL6;IL1B;IL21R;IL17F;LAT
KEGG_2019_Mouse,Cell adhesion molecules (CAMs),20/170,0.0043505448435507,0.0280713726810063,0,0,2.035657642876675,11.06879518034492,CD274;CNTNAP1;VCAM1;CD80;ITGB2;PTPRM;ICOSL;PDCD1LG2;PVR;SELE;SELP;CDH4;SELL;CD6;CD28;PECAM1;ESAM;PDCD1;TIGIT;MPZL1
KEGG_2019_Mouse,Hippo signaling pathway,19/159,0.0045233473096958,0.0281712498836863,0,0,2.0714227166276347,11.182581758208627,TGFB1;TGFB3;WNT7B;SERPINE1;ITGB2;FZD9;BMP8A;PPP2R2A;CSNK1E;AREG;BMP6;ACTG1;BBC3;RASSF1;RASSF2;FRMD6;MYC;ID1;CCN2
KEGG_2019_Mouse,Melanoma,11/72,0.004573929870414,0.0281712498836863,0,0,2.746035136434026,14.793941681581977,PDGFRA;CDKN1A;GADD45B;CDKN2A;GADD45A;HGF;MDM2;IGF1R;FGF21;GADD45G;FGFR1
KEGG_2019_Mouse,Phospholipase D signaling pathway,18/149,0.0050186234775305,0.0302232658313504,0,0,2.09651705834912,11.100218358702788,DGKG;PDGFRA;FCER1G;SYK;SPHK1;LPAR1;ADCY3;GAB2;PIK3R5;AGPAT4;CYTH3;GNA13;CYTH4;KITL;CXCR2;RALGDS;PLPP1;DGKH
KEGG_2019_Mouse,Human T-cell leukemia virus 1 infection,26/245,0.0052315395709085,0.0308205918199176,0,0,1.814784281395988,9.533151972689534,CDKN1A;ITGB2;SLC2A1;ADCY3;IL2RG;ETS2;RELB;ZFP36;MYC;EGR1;MAP3K3;EGR2;JUN;CDKN2B;TGFB1;MMP7;IL1R1;CDKN2A;TGFB3;IL1R2;FOS;FOSL1;NFKBIA;IL6;CDC16;BCL2L1
KEGG_2019_Mouse,Central carbon metabolism in cancer,10/64,0.0057088922219217,0.0329172296200167,0,0,2.818762619413555,14.560967417504829,PDGFRA;PKM;MYC;HKDC1;SLC2A1;SLC16A3;HK2;PFKP;HK1;FGFR1
KEGG_2019_Mouse,Vascular smooth muscle contraction,17/140,0.0059681468430819,0.0336951623849002,0,0,2.108006333745825,10.795772491371691,PRKCG;CYP4A12A;CYP4A12B;PLA2G2D;PRKCH;RAMP3;PRKCB;ROCK2;CYP4A31;CYP4A10;CYP4A32;PRKCD;ADCY3;ADM;CYP4A14;ACTA2;GNA13
KEGG_2019_Mouse,Glioma,11/75,0.0062641121312832,0.0339901555745301,0,0,2.616894849348534,13.27529408327672,PRKCG;PDGFRA;CDKN1A;CAMK1D;GADD45B;PRKCB;CDKN2A;GADD45A;MDM2;IGF1R;GADD45G
KEGG_2019_Mouse,"Parathyroid hormone synthesis, secretion and action",14/107,0.0062712464159649,0.0339901555745301,0,0,2.2940706605222734,11.635022047149985,PRKCG;EGR1;CDKN1A;JUND;PRKCB;ADCY3;FOS;NR4A2;GNA13;AKAP13;PDE4B;MEF2D;FGFR1;HBEGF
KEGG_2019_Mouse,Pertussis,11/76,0.0069249328648181,0.0367971922816808,0,0,2.5764971185166625,12.8119589348753,C1QB;IL1A;C1QA;JUN;IL6;IL1B;ITGB2;IRF8;FOS;CD14;SFTPA1
KEGG_2019_Mouse,Fc gamma R-mediated phagocytosis,12/87,0.0072398699470645,0.0377308606856634,0,0,2.436642216788916,12.008143301327015,VAV3;PRKCG;LYN;GSN;SYK;PRKCB;SPHK1;PRKCD;LIMK1;GAB2;PLPP1;LAT
KEGG_2019_Mouse,Glycolysis / Gluconeogenesis,10/67,0.0079102277666755,0.0404466363163973,0,0,2.6699784448917248,12.921624218512685,LDHC;ALDH1A3;G6PC;PKM;HKDC1;PGM2;PCK1;HK2;PFKP;HK1
KEGG_2019_Mouse,NOD-like receptor signaling pathway,22/205,0.008523636693501,0.0427760285914589,0,0,1.8351855094719165,8.74449779995066,JUN;RNASEL;IFI207;PRKCD;TNFAIP3;CXCL1;MEFV;CXCL2;NFKBIA;TRPM2;NLRP12;IL6;PSTPIP1;IL1B;CCL5;CASP4;TRAF5;TXNIP;CCL2;CAMP;BCL2L1;BIRC3
KEGG_2019_Mouse,Human cytomegalovirus infection,26/255,0.0086967109009345,0.0428510664391499,0,0,1.7346000568801592,8.23034835879271,CDKN1A;ROCK2;ITGB3;ADCY3;CXCR4;PTGS2;GNA13;AKAP13;MYC;CCL5;CXCR2;CCL4;CCL3;CCL2;PRKCG;CCR1;PDGFRA;IL1R1;PRKCB;CDKN2A;NFKBIA;IL6;FASL;IL1B;TRAF5;MDM2
KEGG_2019_Mouse,Circadian rhythm,6/30,0.0091830786799004,0.0439433120248098,0,0,3.799067315490673,17.819117840418215,PER1;BHLHE40;BHLHE41;RORA;NR1D1;CSNK1E
KEGG_2019_Mouse,African trypanosomiasis,7/39,0.0092426892450706,0.0439433120248098,0,0,3.325461647727273,15.576204274977512,PRKCG;IL6;VCAM1;FASL;PRKCB;IL1B;SELE
KEGG_2019_Mouse,Ras signaling pathway,24/233,0.0101149318166438,0.0469618275887101,0,0,1.7533935849725324,8.054638716785066,PRKCG;PDGFRA;PLA2G2D;FLT1;PRKCB;HGF;GAB2;KSR2;NGF;ETS2;IGF1R;RASSF1;FASL;KITL;RASA4;RASA2;REL;RAPGEF5;RALGDS;LAT;EPHA2;FGF21;BCL2L1;FGFR1
KEGG_2019_Mouse,Platelet activation,15/125,0.010476150309969,0.0469618275887101,0,0,2.077874331550802,9.47231014218265,LYN;FCER1G;SYK;VWF;ROCK2;NOS3;ITGB3;ITGA2;ADCY3;GP5;ACTG1;PIK3R5;GNA13;GP9;FERMT3
KEGG_2019_Mouse,"Phenylalanine, tyrosine and tryptophan biosynthesis",3/8,0.0104937827986639,0.0469618275887101,0,0,9.104854368932038,41.490569260378926,LAO1;GOT1;TAT
KEGG_2019_Mouse,Rap1 signaling pathway,22/209,0.0105707434793775,0.0469618275887101,0,0,1.7955435255449756,8.169121790800174,PRKCG;PDGFRA;FLT1;PRKCB;HGF;ITGB3;MAGI2;ITGB2;LPAR1;ADCY3;NGF;THBS1;ACTG1;IGF1R;KITL;ID1;RAPGEF5;RALGDS;LAT;EPHA2;FGF21;FGFR1
KEGG_2019_Mouse,Apelin signaling pathway,16/138,0.0114937642315194,0.0500816631046086,0,0,1.9987399970510569,8.926274151866682,NOTCH3;EGR1;NOS3;SPHK1;SERPINE1;ADCY3;PLAT;SLC8A1;KLF2;SLC8A2;PIK3R5;ACTA2;GNA13;LIPE;CCN2;MEF2D
KEGG_2019_Mouse,Leukocyte transendothelial migration,14/115,0.0116426006479348,0.0500816631046086,0,0,2.111456859971712,9.402495685222746,PRKCG;VAV3;ITK;VCAM1;NCF2;PRKCB;ROCK2;NCF4;ITGB2;CXCR4;ACTG1;PECAM1;ESAM;VCL
KEGG_2019_Mouse,Phenylalanine metabolism,5/23,0.0119369695467964,0.0505456054247161,0,0,4.219115793264902,18.6827299732238,ALDH1A3;DDC;GOT1;LAO1;TAT
KEGG_2019_Mouse,Bladder cancer,7/41,0.0121378359419852,0.0506054390812002,0,0,3.1295120320855614,13.805616277775734,CDKN1A;RASSF1;CDKN2A;MYC;MDM2;THBS1;HBEGF
KEGG_2019_Mouse,Galactose metabolism,6/32,0.0126161517013391,0.0518026835009531,0,0,3.506457046603032,15.332956144547316,G6PC;HKDC1;PGM2;HK2;PFKP;HK1
KEGG_2019_Mouse,ErbB signaling pathway,11/84,0.0143635143350001,0.0580971997729108,0,0,2.2931596091205213,9.730023016859096,PRKCG;BTC;CDKN1A;JUN;PRKCB;MYC;CBLB;NRG1;AREG;EREG;HBEGF
KEGG_2019_Mouse,Starch and sucrose metabolism,6/33,0.0146318737845332,0.0583123205236546,0,0,3.376408038208525,14.263814686507626,G6PC;TREH;HKDC1;PGM2;HK2;HK1
KEGG_2019_Mouse,Intestinal immune network for IgA production,7/43,0.0156350611502282,0.0614072691552442,0,0,2.955334595959596,12.28898868903644,IL6;TGFB1;CD80;CD28;CXCR4;ICOSL;TNFSF13B
KEGG_2019_Mouse,Measles,16/144,0.0167578555637165,0.064601889662144,0,0,1.9044358135731807,7.787025014887907,JUN;APAF1;MX2;EIF2AK3;TNFAIP3;CBLB;FOS;IL2RG;BBC3;NFKBIA;IL1A;IL6;FASL;IL1B;CD28;BCL2L1
KEGG_2019_Mouse,Hypertrophic cardiomyopathy (HCM),11/86,0.0169252183247683,0.064601889662144,0,0,2.231769815418024,9.10327874000583,IL6;TGFB1;ACE;ACTC1;TGFB3;ITGB3;ITGA2;ITGA11;TNNI3;SLC8A1;ACTG1
KEGG_2019_Mouse,Insulin resistance,13/110,0.0184790169942279,0.0695529667421633,0,0,2.040261684129093,8.142928003164478,MLXIP;G6PC;PRKCB;NOS3;GFPT2;PRKCD;SLC2A1;IRS2;NFKBIA;SOCS3;IL6;TRIB3;PCK1
KEGG_2019_Mouse,Toll-like receptor signaling pathway,12/99,0.0192325810596182,0.0707263849804239,0,0,2.099204676390411,8.294271524141747,NFKBIA;CXCL10;JUN;IL6;CD80;IL1B;CCL5;CCL4;CCL3;MAP3K8;CD14;FOS
KEGG_2019_Mouse,Fructose and mannose metabolism,6/35,0.0193127398101526,0.0707263849804239,0,0,3.1432167128114776,12.406245898415303,PFKFB2;PFKFB3;HKDC1;HK2;PFKP;HK1
KEGG_2019_Mouse,Sphingolipid signaling pathway,14/124,0.0213710369005076,0.0772206800005008,0,0,1.9377662337662336,7.452103821101863,PRKCG;ABCC1;FCER1G;PRKCB;ROCK2;NOS3;SPHK1;PPP2R2A;GAB2;ACER2;GNA13;SPTLC2;BDKRB2;S1PR3
KEGG_2019_Mouse,Salivary secretion,10/78,0.0218443876267685,0.0778924874586088,0,0,2.236753936725219,8.55292486588463,PRKCG;CHRM3;PRKCB;LYZ2;FXYD2;LYZ1;CD38;ADCY3;KCNN4;CAMP
KEGG_2019_Mouse,"Alanine, aspartate and glutamate metabolism",6/37,0.0249208966648145,0.0877086103398018,0,0,2.9401145906914685,10.855045970092142,LAO1;GOT1;GFPT2;ASNS;ASL;NAT8L
KEGG_2019_Mouse,Legionellosis,8/58,0.025826992437201,0.0885963917782468,0,0,2.4319740048740863,8.89211195391564,NFKBIA;IL6;APAF1;IL1B;ITGB2;CXCL1;CD14;CXCL2
KEGG_2019_Mouse,VEGF signaling pathway,8/58,0.025826992437201,0.0885963917782468,0,0,2.4319740048740863,8.89211195391564,PRKCG;PRKCB;NOS3;SPHK1;SH2D2A;MAPKAPK2;HSPB1;PTGS2
KEGG_2019_Mouse,Regulation of actin cytoskeleton,21/217,0.0285840853512334,0.0968285891273031,0,0,1.6330928923293455,5.805490369765336,VAV3;CHRM3;PDGFRA;GSN;ROCK2;ITGB3;ITGA2;ITGB2;LIMK1;LPAR1;CXCR4;IQGAP1;ITGAE;ACTG1;GNA13;ITGA11;BDKRB2;PIP4K2A;VCL;FGF21;FGFR1
KEGG_2019_Mouse,Natural killer cell mediated cytotoxicity,13/118,0.0309441688064915,0.1035292561303604,0,0,1.884005282373961,6.547993566543769,PRKCG;VAV3;FCER1G;SYK;PRKCB;ITGB2;TNFRSF10B;FASL;FCGR4;CD244A;KLRC1;HCST;LAT
KEGG_2019_Mouse,Influenza A,17/168,0.0316603835309425,0.1046337065473834,0,0,1.7145381038575347,5.919767040810014,JUN;RNASEL;RSAD2;PRKCB;MX2;EIF2AK3;TNFRSF10B;ACTG1;NFKBIA;SOCS3;CXCL10;IL1A;IL6;FASL;IL1B;CCL5;CCL2
KEGG_2019_Mouse,Fatty acid degradation,7/50,0.0334217255327775,0.1089659757063366,0,0,2.47330866807611,8.40566101075152,CYP4A12A;CYP4A12B;CYP4A31;CYP4A10;EHHADH;CYP4A32;CYP4A14
KEGG_2019_Mouse,Glycerolipid metabolism,8/61,0.0337754315842519,0.1089659757063366,0,0,2.293947243382432,7.771942848840269,DGKG;LIPF;GPAT3;LPIN2;PLPP1;DGKH;AGPAT4;PNPLA2
KEGG_2019_Mouse,"Glycine, serine and threonine metabolism",6/40,0.0352091938911008,0.112255194641039,0,0,2.680263346214398,8.96936202267954,ALAS2;BHMT;SDS;GLDC;PSAT1;SDSL
KEGG_2019_Mouse,Breast cancer,15/147,0.0391821072591159,0.1234691984560514,0,0,1.729519459298871,5.6028389666191885,JAG2;NOTCH3;JUN;CDKN1A;GADD45B;GADD45A;WNT7B;FZD9;FOS;IGF1R;GADD45G;MYC;HES1;FGF21;FGFR1
KEGG_2019_Mouse,Focal adhesion,19/199,0.040399578275127,0.1258423645121774,0,0,1.6076457194899818,5.1588321164899344,PRKCG;VAV3;PDGFRA;JUN;FLT1;VWF;PRKCB;LAMC3;ROCK2;HGF;ITGB3;ITGA2;THBS1;ACTG1;IGF1R;ITGA11;FLNA;VCL;BIRC3
KEGG_2019_Mouse,Pancreatic cancer,9/75,0.0416511916679231,0.1282667379773542,0,0,2.0726164079822618,6.58765642688307,CDKN1A;TGFB1;GADD45B;TGFB3;CDKN2A;GADD45A;RALGDS;GADD45G;BCL2L1
KEGG_2019_Mouse,Carbohydrate digestion and absorption,6/43,0.0478913105830683,0.1444802030007692,0,0,2.462550141382258,7.483249571935556,G6PC;PRKCB;FXYD2;HKDC1;HK2;HK1
KEGG_2019_Mouse,T cell receptor signaling pathway,11/101,0.0479823552401078,0.1444802030007692,0,0,1.8583152370611653,5.643558305240911,NFKBIA;VAV3;ITK;JUN;GRAP2;CD28;CBLB;MAP3K8;FOS;PDCD1;LAT
KEGG_2019_Mouse,Non-small cell lung cancer,8/66,0.0504313707312849,0.1501857304195408,0,0,2.0956329308944226,6.2599528560834,PRKCG;CDKN1A;RASSF1;GADD45B;PRKCB;CDKN2A;GADD45A;GADD45G
KEGG_2019_Mouse,Dilated cardiomyopathy (DCM),10/90,0.0514920604161584,0.1516776997041189,0,0,1.900020341741253,5.636082875029907,TGFB1;ACTC1;TGFB3;ITGB3;ITGA2;ITGA11;ADCY3;TNNI3;SLC8A1;ACTG1
KEGG_2019_Mouse,Mineral absorption,6/44,0.0526697419845536,0.1519698688675134,0,0,2.39761813292355,7.057902410316423,FXYD2;HMOX1;MT2;MT1;ATP7A;SLC8A1
KEGG_2019_Mouse,Thyroid hormone signaling pathway,12/115,0.0527127958433441,0.1519698688675134,0,0,1.771595413867591,5.213622912889907,PRKCG;PFKFB2;NOTCH3;RCAN1;PRKCB;MYC;FXYD2;ITGB3;MDM2;SLC2A1;PFKP;ACTG1
KEGG_2019_Mouse,Phagosome,17/180,0.0548273033513902,0.1551983972133561,0,0,1.5872902714046169,4.608803608245515,NCF2;ITGB3;ITGA2;NCF4;ITGB2;THBS1;ACTG1;MARCO;TUBB6;TUBB2B;TUBB2A;FCGR4;CTSL;OLR1;CD14;SFTPA1;RAB7B
KEGG_2019_Mouse,Oxytocin signaling pathway,15/154,0.0549780300091593,0.1551983972133561,0,0,1.6418042036958669,4.762581142910218,PRKCG;JUN;CDKN1A;CAMK1D;PRKCB;ROCK2;NOS3;ADCY3;FOS;PTGS2;ACTG1;PIK3R5;TRPM2;RCAN1;CD38
KEGG_2019_Mouse,Ovarian steroidogenesis,7/57,0.0612319757465326,0.1710707776011377,0,0,2.12625,5.938798568262265,CYP2J8;CYP2J9;ACOT2;ADCY3;PTGS2;BMP6;IGF1R
KEGG_2019_Mouse,Acute myeloid leukemia,8/69,0.0625953991718051,0.1730954405669305,0,0,1.992249404056412,5.520649604953578,MYC;ZBTB16;PIM1;CD14;BCL2A1A;DUSP6;RUNX1;PPARD
KEGG_2019_Mouse,Cellular senescence,17/185,0.0672969834637171,0.1842169951380541,0,0,1.539635453199283,4.154921612447025,CDKN1A;CDKN2B;TGFB1;GADD45B;TGFB3;GADD45A;CDKN2A;SERPINE1;ZFP36L2;ZFP36L1;GADD45G;IL1A;IL6;MYC;MAPKAPK2;MDM2;SQSTM1
KEGG_2019_Mouse,Staphylococcus aureus infection,10/95,0.0693367974395798,0.1879027210612613,0,0,1.787775810079931,4.771179479244963,C1QB;SELP;C1QA;FCGR4;ITGB2;C5AR1;PTAFR;C3AR1;DEFB1;CAMP
KEGG_2019_Mouse,Primary bile acid biosynthesis,3/16,0.0725797059652761,0.1947435674909885,0,0,3.5003734129947723,9.181724237750252,CH25H;SCP2;CYP7B1
KEGG_2019_Mouse,Sphingolipid metabolism,6/48,0.0745858143514226,0.198006377866758,0,0,2.1688101031166727,5.629807992608376,ACER2;CERK;SPTLC2;SPHK1;B4GALT6;PLPP1
KEGG_2019_Mouse,Thyroid cancer,5/37,0.0762416879093047,0.198006377866758,0,0,2.371479943273906,6.103826254074364,CDKN1A;GADD45B;GADD45A;MYC;GADD45G
KEGG_2019_Mouse,Adherens junction,8/72,0.0764428324536822,0.198006377866758,0,0,1.898558082859464,4.881595526014877,PTPRM;PTPRJ;IQGAP1;SORBS1;VCL;ACTG1;IGF1R;FGFR1
KEGG_2019_Mouse,Glycerophospholipid metabolism,10/97,0.077448989128695,0.198006377866758,0,0,1.746490465101054,4.467759720479605,DGKG;CDS1;PLA2G2D;CHKA;GPD1;GPAT3;LPIN2;PLPP1;DGKH;AGPAT4
KEGG_2019_Mouse,Prostate cancer,10/97,0.077448989128695,0.198006377866758,0,0,1.746490465101054,4.467759720479605,NFKBIA;PDGFRA;CDKN1A;IL1R2;GSTP1;MMP3;MDM2;PLAT;IGF1R;FGFR1
KEGG_2019_Mouse,Hepatitis B,15/163,0.0810702065192868,0.2053273454834273,0,0,1.5412195283518813,3.872221210462927,PRKCG;EGR2;JUN;CDKN1A;TGFB1;EGR3;APAF1;PRKCB;TGFB3;FOS;NFKBIA;IL6;FASL;MYC;STAT4
KEGG_2019_Mouse,Signaling pathways regulating pluripotency of stem cells,13/137,0.0826846682190638,0.2074772693274658,0,0,1.5937023101615535,3.972655350919735,WNT7B;FZD9;LIF;INHBB;KLF4;IGF1R;INHBE;MYC;ID1;ID4;ID3;SKIL;FGFR1
KEGG_2019_Mouse,Gap junction,9/86,0.0844523063522787,0.2080597729224322,0,0,1.775483053531834,4.388227678159903,PRKCG;PDGFRA;TUBB6;GJA1;TUBB2B;TUBB2A;PRKCB;LPAR1;ADCY3
KEGG_2019_Mouse,Insulin secretion,9/86,0.0844523063522787,0.2080597729224322,0,0,1.775483053531834,4.388227678159903,PRKCG;CHRM3;PRKCB;FXYD2;SLC2A1;PDX1;ADCY3;FFAR1;KCNN4
KEGG_2019_Mouse,Choline metabolism in cancer,10/99,0.0861256232162011,0.2087679482548557,0,0,1.707060641244823,4.185624460329139,DGKG;PRKCG;PDGFRA;JUN;CHKA;PRKCB;FOS;RALGDS;PLPP1;DGKH
KEGG_2019_Mouse,Tuberculosis,16/178,0.0862804804595713,0.2087679482548557,0,0,1.5019936807889929,3.680112654052708,PLK3;CEBPB;TGFB1;FCER1G;APAF1;SYK;TGFB3;SPHK1;ITGB2;IL1A;IL6;FCGR4;IL1B;CD14;CLEC4E;CAMP
KEGG_2019_Mouse,Th1 and Th2 cell differentiation,9/87,0.0893036271745063,0.2141706457016922,0,0,1.752626641651032,4.233843267460623,JAG2;NFKBIA;NOTCH3;JUN;IL4RA;STAT4;FOS;IL2RG;LAT
KEGG_2019_Mouse,Mitophagy,7/63,0.0937710065289667,0.2229117786785087,0,0,1.8978287337662336,4.491970013105235,JUN;UBB;CITED2;EIF2AK3;RAB7B;SQSTM1;BCL2L1
KEGG_2019_Mouse,Tyrosine metabolism,5/40,0.0991831114557745,0.2315701721119642,0,0,2.167862931234082,5.009470620888701,ALDH1A3;DDC;LAO1;GOT1;TAT
KEGG_2019_Mouse,Glutathione metabolism,7/64,0.0999767901738,0.2315701721119642,0,0,1.8644338118022328,4.293450284003146,GCLC;NAT8;GPX3;GSTP2;GSTP1;GSTA1;CHAC1
KEGG_2019_Mouse,Graft-versus-host disease,7/64,0.0999767901738,0.2315701721119642,0,0,1.8644338118022328,4.293450284003146,IL1A;IL6;FASL;CD80;IL1B;CD28;KLRC1
KEGG_2019_Mouse,MicroRNAs in cancer,23/281,0.105292692730751,0.2418162688985893,0,0,1.3564903355773157,3.0534750154231456,PRKCG;TRIM71;PDGFRA;NOTCH3;CDKN1A;ABCC1;PRKCB;CDKN2A;ITGB3;IRS2;PTGS2;SLC7A1;THBS1;RASSF1;SOCS1;BCL2L11;MYC;DDIT4;PIM1;MDM2;HMOX1;TIMP3;SPRY2
KEGG_2019_Mouse,Arginine biosynthesis,3/19,0.1096840157690484,0.2491263451570523,0,0,2.8435983009708736,6.28478342250096,GOT1;NOS3;ASL
KEGG_2019_Mouse,Retinol metabolism,9/91,0.1103142487780305,0.2491263451570523,0,0,1.666775728732897,3.6742773838957854,CYP4A12A;CYP4A12B;RETSAT;RDH12;DHRS9;CYP4A31;CYP4A10;CYP4A32;CYP4A14
KEGG_2019_Mouse,Epstein-Barr virus infection,19/229,0.1195360084048223,0.2677211427909657,0,0,1.3757572209211553,2.9222976791762805,LYN;ENTPD1;JUN;CDKN1A;GADD45B;SYK;APAF1;GADD45A;TNFAIP3;GADD45G;RELB;NFKBIA;CXCL10;IL6;BCL2L11;MYC;TRAF5;MDM2;HES1
KEGG_2019_Mouse,Amphetamine addiction,7/68,0.1269569568375881,0.2820109451064458,0,0,1.7418032786885247,3.594920279985715,PRKCG;ARC;DDC;JUN;PRKCB;FOSB;FOS
KEGG_2019_Mouse,Regulation of lipolysis in adipocytes,6/56,0.1315579586610488,0.2898553398141806,0,0,1.821021897810219,3.6935928723024354,LIPE;FABP4;ADCY3;IRS2;PTGS2;PNPLA2
KEGG_2019_Mouse,Purine metabolism,12/136,0.1373429362883327,0.3001607720495015,0,0,1.4699108762520705,2.91817628049814,ENTPD1;PKM;PDE1B;IMPDH1;PDE4B;PRUNE1;PGM2;AMPD1;ADCY3;AMPD3;PDE7B;GUCY2F
KEGG_2019_Mouse,Cell cycle,11/123,0.1407141553546551,0.3043687862355788,0,0,1.4915294904606793,2.924926191378437,CDKN1A;CDKN2B;TGFB1;GADD45B;TGFB3;GADD45A;CDKN2A;MYC;CDC16;MDM2;GADD45G
KEGG_2019_Mouse,ECM-receptor interaction,8/83,0.1415146386187561,0.3043687862355788,0,0,1.6191497427565664,3.166007872565649,GP9;VWF;LAMC3;ITGB3;ITGA2;ITGA11;THBS1;GP5
KEGG_2019_Mouse,Non-alcoholic fatty liver disease (NAFLD),13/151,0.1437493738956997,0.3067407899664145,0,0,1.4309466392415535,2.77558423634379,MLXIP;JUN;TGFB1;EIF2AK3;IRS2;COX6B2;SOCS3;IL1A;IL6;BCL2L11;FASL;DDIT3;IL1B
KEGG_2019_Mouse,B cell receptor signaling pathway,7/72,0.1572040140341823,0.3328303734629954,0,0,1.6342657342657343,3.023736217418016,VAV3;LYN;NFKBIA;JUN;SYK;PRKCB;FOS
KEGG_2019_Mouse,Cocaine addiction,5/48,0.1744911791025355,0.3652117962306353,0,0,1.763785760054276,3.0793602020675968,GPSM1;DDC;JUN;FOSB;CDK5R1
KEGG_2019_Mouse,Cytosolic DNA-sensing pathway,6/61,0.1751938505903416,0.3652117962306353,0,0,1.6550320725503207,2.882837807734372,NFKBIA;CXCL10;IL6;IL1B;CCL5;CCL4
KEGG_2019_Mouse,Amino sugar and nucleotide sugar metabolism,5/49,0.1851419061752289,0.3804675301161094,0,0,1.7236076322381022,2.9070929730221526,HKDC1;GFPT2;PGM2;HK2;HK1
KEGG_2019_Mouse,Kaposi sarcoma-associated herpesvirus infection,17/216,0.1853199777687322,0.3804675301161094,0,0,1.297625607579633,2.187370294664658,LYN;CCR1;JUN;CDKN1A;SYK;CXCL1;FOS;PTGS2;CXCL2;PIK3R5;NFKBIA;RCAN1;ZFP36;IL6;UBB;MYC;MAPKAPK2
KEGG_2019_Mouse,Basal cell carcinoma,6/63,0.1941155572473763,0.394183932134679,0,0,1.5967900285994792,2.6176205147537868,CDKN1A;GADD45B;GADD45A;WNT7B;FZD9;GADD45G
KEGG_2019_Mouse,Calcium signaling pathway,15/189,0.1949101361846752,0.394183932134679,0,0,1.3090911652017128,2.140647691589036,PRKCG;CHRM3;PDGFRA;CAMK1D;PRKCB;PDE1B;NOS3;SPHK1;PTAFR;ADCY3;CXCR4;SLC8A1;SLC8A2;BDKRB2;CD38
KEGG_2019_Mouse,Aldosterone-regulated sodium reabsorption,4/38,0.2071795405269135,0.4128357020793644,0,0,1.7839485591807571,2.8082374401580563,PRKCG;PRKCB;FXYD2;SGK1
KEGG_2019_Mouse,Pyruvate metabolism,4/38,0.2071795405269135,0.4128357020793644,0,0,1.7839485591807571,2.8082374401580563,LDHC;PKM;ME3;PCK1
KEGG_2019_Mouse,Morphine addiction,8/92,0.209840167160464,0.4150852941641295,0,0,1.4449731151599552,2.256194238912065,PRKCG;GRK5;PRKCB;PDE1B;GABRA5;PDE4B;ADCY3;PDE7B
KEGG_2019_Mouse,Gastric cancer,12/150,0.2198274984026656,0.4316902323704521,0,0,1.319797314056908,1.99937697124664,CDKN1A;CDKN2B;TGFB1;GADD45B;TGFB3;GADD45A;MYC;HGF;WNT7B;FZD9;FGF21;GADD45G
KEGG_2019_Mouse,Fat digestion and absorption,4/40,0.2339084379110021,0.4527799048134399,0,0,1.6846603688708952,2.4475175952582884,LIPF;PLA2G2D;APOA4;PLPP1
KEGG_2019_Mouse,Ferroptosis,4/40,0.2339084379110021,0.4527799048134399,0,0,1.6846603688708952,2.4475175952582884,GCLC;HMOX1;SLC3A2;SAT1
KEGG_2019_Mouse,Insulin signaling pathway,11/139,0.2433250036063056,0.4632117662356849,0,0,1.3039685973127035,1.8429734914503668,LIPE;SOCS3;G6PC;SOCS1;HKDC1;CBLB;IRS2;SORBS1;PCK1;HK2;HK1
KEGG_2019_Mouse,Fc epsilon RI signaling pathway,6/68,0.2444253969435533,0.4632117662356849,0,0,1.4676242053214033,2.067655231365361,VAV3;LYN;FCER1G;SYK;GAB2;LAT
KEGG_2019_Mouse,Renal cell carcinoma,6/68,0.2444253969435533,0.4632117662356849,0,0,1.4676242053214033,2.067655231365361,CDKN1A;JUN;TGFB1;TGFB3;HGF;SLC2A1
KEGG_2019_Mouse,Mucin type O-glycan biosynthesis,3/28,0.2494792811553628,0.4695061471743286,0,0,1.8190291262135925,2.525502582660811,GALNT6;GALNT15;GALNT18
KEGG_2019_Mouse,Endocrine and other factor-regulated calcium reabsorption,5/55,0.2533381512483874,0.4718517210611562,0,0,1.5162884927066451,2.081909765735501,PRKCG;PRKCB;FXYD2;BDKRB2;SLC8A1
KEGG_2019_Mouse,Viral carcinogenesis,17/229,0.2542079382838701,0.4718517210611562,0,0,1.217201154926968,1.667081978758405,LYN;EGR2;JUN;CDKN1A;CDKN2B;EGR3;GSN;SYK;CDKN2A;NFKBIA;PKM;MAPKAPK2;TRAF5;RASA2;REL;MDM2;PMAIP1
KEGG_2019_Mouse,cGMP-PKG signaling pathway,13/172,0.2689573262409422,0.4958328939543902,0,0,1.240553212882309,1.6290976431560429,KCNJ8;ROCK2;NOS3;ADCY3;IRS2;SLC8A1;SLC8A2;PIK3R5;GNA13;FXYD2;BDKRB2;GTF2IRD1;MEF2D
KEGG_2019_Mouse,Adipocytokine signaling pathway,6/71,0.2762608349746906,0.5058559883658188,0,0,1.3996631106120156,1.8005403495960743,NFKBIA;SOCS3;G6PC;SLC2A1;IRS2;PCK1
KEGG_2019_Mouse,Arrhythmogenic right ventricular cardiomyopathy (ARVC),6/72,0.287084181512815,0.5161644866808899,0,0,1.3783823637838235,1.7201933340737063,GJA1;ITGB3;ITGA2;ITGA11;SLC8A1;ACTG1
KEGG_2019_Mouse,Hepatitis C,12/160,0.2887031279729659,0.5161644866808899,0,0,1.2299610123571003,1.5280498834114404,NFKBIA;SOCS3;CXCL10;CDKN1A;RNASEL;RSAD2;FASL;APAF1;MYC;MX2;EIF2AK3;PPP2R2A
KEGG_2019_Mouse,Wnt signaling pathway,12/160,0.2887031279729659,0.5161644866808899,0,0,1.2299610123571003,1.5280498834114404,PRKCG;FOSL1;JUN;MMP7;PRKCB;ROCK2;MYC;WNT7B;FZD9;PRICKLE2;CSNK1E;PPARD
KEGG_2019_Mouse,Endometrial cancer,5/58,0.2895092323819013,0.5161644866808899,0,0,1.4302314913917005,1.772869320464813,CDKN1A;GADD45B;GADD45A;MYC;GADD45G
KEGG_2019_Mouse,Aldosterone synthesis and secretion,8/102,0.2974495787061372,0.5243948461180369,0,0,1.29056121126225,1.5648190862716207,PRKCG;NR4A2;LIPE;NR4A1;CAMK1D;PRKCB;CYP21A1;ADCY3
KEGG_2019_Mouse,Thyroid hormone synthesis,6/73,0.2979955952109877,0.5243948461180369,0,0,1.3577368631296074,1.6437802135175434,PRKCG;GPX3;PRKCB;FXYD2;ADCY3;LRP2
KEGG_2019_Mouse,Serotonergic synapse,10/132,0.3018056150894802,0.527673043156446,0,0,1.24311382037909,1.4892157081099318,PRKCG;CYP2D9;DDC;PRKCB;HTR1F;DUSP1;CYP2J8;CYP2J9;ALOX12;PTGS2
KEGG_2019_Mouse,Biosynthesis of unsaturated fatty acids,3/32,0.3182933433031288,0.5494108027716428,0,0,1.5677937730164044,1.7947818687360295,SCP2;ELOVL3;ACOT2
KEGG_2019_Mouse,beta-Alanine metabolism,3/32,0.3182933433031288,0.5494108027716428,0,0,1.5677937730164044,1.7947818687360295,ALDH1A3;SMOX;EHHADH
KEGG_2019_Mouse,GnRH signaling pathway,7/90,0.3234462016012564,0.549600062621752,0,0,1.2786144578313252,1.443200881741728,MAP3K3;EGR1;JUN;PRKCB;PRKCD;ADCY3;HBEGF
KEGG_2019_Mouse,Protein digestion and absorption,7/90,0.3234462016012564,0.549600062621752,0,0,1.2786144578313252,1.443200881741728,COL13A1;FXYD2;SLC3A2;KCNN4;SLC38A2;SLC8A1;SLC8A2
KEGG_2019_Mouse,Pancreatic secretion,8/105,0.3253071411697142,0.549600062621752,0,0,1.250445953754805,1.404232666069527,PRKCG;CHRM3;PLA2G2D;PRKCB;FXYD2;CD38;ADCY3;CLCA3A1
KEGG_2019_Mouse,Long-term depression,5/61,0.3265151663546202,0.549600062621752,0,0,1.3533948830747855,1.5148263089644451,PRKCG;GNA13;LYN;PRKCB;IGF1R
KEGG_2019_Mouse,Ether lipid metabolism,4/47,0.3322198072731412,0.5557504183396375,0,0,1.409886074757556,1.55363588635833,PLA2G2D;ENPP6;PLA2G7;PLPP1
KEGG_2019_Mouse,Neurotrophin signaling pathway,9/121,0.3349339615021764,0.5568533961171155,0,0,1.2183580139372825,1.3326666733403931,NFKBIA;MAP3K3;JUN;FASL;ARHGDIB;PRKCD;MAPKAPK2;IRAK3;NGF
KEGG_2019_Mouse,Toxoplasmosis,8/108,0.3535965426215358,0.5842967259172939,0,0,1.2127376116978066,1.2607604759968831,NFKBIA;SOCS1;TGFB1;TGFB3;LAMC3;PIK3R5;BCL2L1;BIRC3
KEGG_2019_Mouse,Arginine and proline metabolism,4/50,0.3752447466760452,0.6163110687830803,0,0,1.3177257525083612,1.2916042220414148,GOT1;SMOX;NOS3;SAT1
KEGG_2019_Mouse,AMPK signaling pathway,9/126,0.379306387392062,0.6192291023087277,0,0,1.165978736710444,1.130312602035002,PFKFB2;LIPE;G6PC;PFKFB3;IRS2;PPP2R2A;PCK1;PFKP;IGF1R
KEGG_2019_Mouse,Proximal tubule bicarbonate reclamation,2/22,0.3993656618246689,0.648072421284343,0,0,1.5150363783346807,1.3906183125531035,FXYD2;PCK1
KEGG_2019_Mouse,RNA degradation,6/83,0.4096905286872765,0.6608698409181663,0,0,1.1807754289506114,1.053668747117126,CNOT4;BTG3;BTG2;BTG1;PABPC1L;PFKP
KEGG_2019_Mouse,Autophagy,9/130,0.4151095499858098,0.6656490416932217,0,0,1.1271920983672647,0.9910417409144032,VMP1;CTSL;PRKCD;DDIT4;EIF2AK3;IRS2;RAB7B;IGF1R;BCL2L1
KEGG_2019_Mouse,Type I diabetes mellitus,5/69,0.4263752820484566,0.6796923613831279,0,0,1.1837140397082655,1.00903972339147,IL1A;FASL;CD80;IL1B;CD28
KEGG_2019_Mouse,Vitamin B6 metabolism,1/9,0.4376810685677954,0.693634909835512,0,0,1.8934773828756053,1.5645136879532169,PSAT1
KEGG_2019_Mouse,Histidine metabolism,2/24,0.4430529957669485,0.694030993369035,0,0,1.3771588153156464,1.121098012283631,ALDH1A3;HDC
KEGG_2019_Mouse,Vitamin digestion and absorption,2/24,0.4430529957669485,0.694030993369035,0,0,1.3771588153156464,1.121098012283631,ABCC1;APOA4
KEGG_2019_Mouse,Prolactin signaling pathway,5/72,0.4632938913546288,0.7188883278760186,0,0,1.1305304917874162,0.8698230060696879,SOCS3;SOCS1;FOS;TNFRSF11A;SOCS7
KEGG_2019_Mouse,Asthma,2/25,0.464226779993739,0.7188883278760186,0,0,1.3172120487856314,1.010804943095848,CCL11;FCER1G
KEGG_2019_Mouse,mTOR signaling pathway,10/154,0.4858872353626263,0.741905261713846,0,0,1.0519505469668204,0.7592755066766186,PRKCG;PRKCB;WNT7B;SESN2;DDIT4;FZD9;SLC3A2;DEPDC5;SGK1;IGF1R
KEGG_2019_Mouse,Ubiquitin mediated proteolysis,9/138,0.4862738885145145,0.741905261713846,0,0,1.0568349404424278,0.7619602976890886,SOCS3;SOCS1;UBE2U;CDC16;MDM2;CBLB;UBE2D2A;MID1;BIRC3
KEGG_2019_Mouse,GABAergic synapse,6/90,0.4873030870297586,0.741905261713846,0,0,1.081971961534005,0.7777960957243714,PRKCG;PRKCB;GABRA5;ADCY3;SLC38A2;GPHN
KEGG_2019_Mouse,Vasopressin-regulated water reabsorption,3/43,0.502892213290103,0.7523226516677667,0,0,1.1359830097087378,0.7808513418196656,ARHGDIB;ADCY3;AQP4
KEGG_2019_Mouse,Maturity onset diabetes of the young,2/27,0.505102084317187,0.7523226516677667,0,0,1.2117057396928053,0.8275886260063003,PDX1;HES1
KEGG_2019_Mouse,Ubiquinone and other terpenoid-quinone biosynthesis,1/11,0.5052252396887618,0.7523226516677667,0,0,1.5146203554119548,1.034108456190982,TAT
KEGG_2019_Mouse,Lysosome,8/124,0.5052498989060278,0.7523226516677667,0,0,1.044567074707975,0.7131281592949298,NAPSA;CTSL;CTSJ;AP4E1;LAPTM5;ARSG;LITAF;LGMN
KEGG_2019_Mouse,Cardiac muscle contraction,5/78,0.534676902952157,0.7917892934428118,0,0,1.0372771474878444,0.6494315817021096,ACTC1;FXYD2;TNNI3;COX6B2;SLC8A1
KEGG_2019_Mouse,Fatty acid elongation,2/29,0.5438939315759942,0.8010611709624698,0,0,1.1218299949100272,0.6831956222253699,ELOVL3;ACOT2
KEGG_2019_Mouse,cAMP signaling pathway,13/211,0.549095676404566,0.8043509638142561,0,0,0.9941132367722906,0.5959535666956733,VAV3;JUN;HTR1F;ROCK2;ADCY3;FOS;NFKBIA;LIPE;FXYD2;PDE4B;GHRL;TNNI3;SOX9
KEGG_2019_Mouse,Cholinergic synapse,7/113,0.5555332328983802,0.8094059468573174,0,0,0.9999463979416808,0.5877953377633968,PRKCG;CHRM3;PRKCB;ADCY3;KCNQ5;FOS;PIK3R5
KEGG_2019_Mouse,Phosphatidylinositol signaling system,6/98,0.5715322828445305,0.8232036540499318,0,0,0.987464297048556,0.5524214071019082,DGKG;PRKCG;CDS1;PRKCB;PIP4K2A;DGKH
KEGG_2019_Mouse,ABC transporters,3/48,0.578172620976857,0.8232036540499318,0,0,1.0094929881337649,0.5530838476329726,ABCC1;ABCA4;DEFB1
KEGG_2019_Mouse,Tryptophan metabolism,3/48,0.578172620976857,0.8232036540499318,0,0,1.0094929881337649,0.5530838476329726,DDC;LAO1;EHHADH
KEGG_2019_Mouse,Propanoate metabolism,2/31,0.5805130849745563,0.8232036540499318,0,0,1.0443509045800463,0.567962863444635,LDHC;EHHADH
KEGG_2019_Mouse,Circadian entrainment,6/99,0.5815843474283112,0.8232036540499318,0,0,0.976794076864715,0.5294216727670178,PRKCG;PER1;RASD1;PRKCB;ADCY3;FOS
KEGG_2019_Mouse,Metabolism of xenobiotics by cytochrome P450,4/66,0.59066283162499,0.8232036540499318,0,0,0.9768316573070394,0.5143115667686233,ALDH1A3;GSTP2;GSTP1;GSTA1
KEGG_2019_Mouse,Melanogenesis,6/100,0.5915151762295138,0.8232036540499318,0,0,0.9663508826422322,0.5073998660099618,PRKCG;PRKCB;KITL;WNT7B;FZD9;ADCY3
KEGG_2019_Mouse,Cholesterol metabolism,3/49,0.5923421126927554,0.8232036540499318,0,0,0.9874947235120304,0.517122268334239,APOA4;ANGPTL4;LRP2
KEGG_2019_Mouse,Notch signaling pathway,3/49,0.5923421126927554,0.8232036540499318,0,0,0.9874947235120304,0.517122268334239,JAG2;NOTCH3;HES1
KEGG_2019_Mouse,Pentose phosphate pathway,2/32,0.597994388557721,0.8268187719344,0,0,1.009485313931555,0.51905100969826,PGM2;PFKP
KEGG_2019_Mouse,Linoleic acid metabolism,3/50,0.606199381505502,0.8339087938476702,0,0,0.9664325552571784,0.4837442732109546,PLA2G2D;CYP2J8;CYP2J9
KEGG_2019_Mouse,Glucagon signaling pathway,6/102,0.6109982665954249,0.8362653042795967,0,0,0.946117193836172,0.4661151911937246,LDHC;G6PC;PKM;SLC2A1;SIK1;PCK1
KEGG_2019_Mouse,SNARE interactions in vesicular transport,2/33,0.6149217190597489,0.8374059591215676,0,0,0.9768691162281272,0.4750126747527573,STX3;STX11
KEGG_2019_Mouse,Viral myocarditis,5/87,0.6326595955704222,0.8572537519979221,0,0,0.9229849389255644,0.4225635169736601,CD80;ITGB2;CD28;CD55;ACTG1
KEGG_2019_Mouse,Glycosaminoglycan biosynthesis,3/53,0.6458563480914592,0.8707814444417186,0,0,0.9083009708737864,0.3970893574394918,CHST11;NDST3;HS3ST1
KEGG_2019_Mouse,Cushing syndrome,9/159,0.6577838404982514,0.8764353769721184,0,0,0.9078536585365854,0.3802807522973481,NR4A1;CDKN1A;CDKN2B;RASD1;CDKN2A;CYP21A1;WNT7B;FZD9;ADCY3
KEGG_2019_Mouse,Bile secretion,4/72,0.6594158776517208,0.8764353769721184,0,0,0.8903548463919981,0.3707445323760271,FXYD2;SLC2A1;ADCY3;AQP4
KEGG_2019_Mouse,Primary immunodeficiency,2/36,0.6624042660151344,0.8764353769721184,0,0,0.89053212230729,0.3667916898947328,IL2RG;IL7R
KEGG_2019_Mouse,Selenocompound metabolism,1/17,0.6629861707722666,0.8764353769721184,0,0,0.946334814216478,0.3889446946355296,TXNRD1
KEGG_2019_Mouse,Systemic lupus erythematosus,8/143,0.6673184148839273,0.8778800506482733,0,0,0.8966392875409934,0.3626797992714519,C1QB;C1QA;C6;C7;H3F3B;FCGR4;CD80;CD28
KEGG_2019_Mouse,Bacterial invasion of epithelial cells,4/74,0.6805132198972668,0.8825332543636425,0,0,0.8648235974551765,0.3328775474865453,ARHGAP10;HCLS1;VCL;ACTG1
KEGG_2019_Mouse,Gastric acid secretion,4/74,0.6805132198972668,0.8825332543636425,0,0,0.8648235974551765,0.3328775474865453,PRKCG;CHRM3;PRKCB;ADCY3
KEGG_2019_Mouse,"Valine, leucine and isoleucine degradation",3/56,0.6825960774023652,0.8825332543636425,0,0,0.8567503205715332,0.3271518140550459,LAO1;EHHADH;BCAT1
KEGG_2019_Mouse,Pantothenate and CoA biosynthesis,1/18,0.6838818576249628,0.8825332543636425,0,0,0.8906205454718237,0.3384091768774728,BCAT1
KEGG_2019_Mouse,Chemical carcinogenesis,5/94,0.6994677946939647,0.8959666456008833,0,0,0.8500719319651084,0.3038459084820183,ALDH1A3;GSTP2;GSTP1;GSTA1;PTGS2
KEGG_2019_Mouse,One carbon pool by folate,1/19,0.7034829345034883,0.8959666456008833,0,0,0.8410967510321307,0.2958235351255672,MTHFD2L
KEGG_2019_Mouse,Adrenergic signaling in cardiomyocytes,8/148,0.7042099465423918,0.8959666456008833,0,0,0.864384356504584,0.3031212237243095,ACTC1;FXYD2;ADCY3;PPP2R2A;TNNI3;SCN5A;SLC8A1;PIK3R5
KEGG_2019_Mouse,Relaxin signaling pathway,7/131,0.7093762831385008,0.8983223024791296,0,0,0.8539681085043989,0.2932263201833202,NFKBIA;ACTA2;JUN;TGFB1;NOS3;ADCY3;FOS
KEGG_2019_Mouse,Porphyrin and chlorophyll metabolism,2/41,0.7309266321123026,0.9173828616487272,0,0,0.7761540534378044,0.2432794268588298,ALAS2;HMOX1
KEGG_2019_Mouse,Estrogen signaling pathway,7/134,0.7311981480299817,0.9173828616487272,0,0,0.8336614173228346,0.2609950398702783,JUN;KRT18;NOS3;PRKCD;ADCY3;FOS;HBEGF
KEGG_2019_Mouse,Allograft rejection,3/63,0.7570776530424641,0.9454748570253816,0,0,0.7565129449838188,0.2105295720044397,FASL;CD80;CD28
KEGG_2019_Mouse,Hedgehog signaling pathway,2/44,0.7660943897973114,0.9514957737451823,0,0,0.7205989914154829,0.1920035238375791,LRP2;CSNK1E
KEGG_2019_Mouse,Necroptosis,9/176,0.7689209389306088,0.9514957737451823,0,0,0.8146925660873375,0.214074423345655,IL1A;FASL;IL1B;TRAF5;STAT4;TNFRSF10B;TNFAIP3;SQSTM1;BIRC3
KEGG_2019_Mouse,alpha-Linolenic acid metabolism,1/25,0.7980604370728943,0.9763059902752446,0,0,0.6306206246634356,0.1422496925876112,PLA2G2D
KEGG_2019_Mouse,RIG-I-like receptor signaling pathway,3/68,0.8011303306034642,0.9763059902752446,0,0,0.6981329350261389,0.1547981573279842,NFKBIA;CXCL10;RNF125
KEGG_2019_Mouse,Taste transduction,4/88,0.8023899514459958,0.9763059902752446,0,0,0.7201465201465201,0.158547865144213,CHRM3;PDE1B;HTR1F;GABRA5
KEGG_2019_Mouse,Cortisol synthesis and secretion,3/69,0.8090887764487829,0.9763059902752446,0,0,0.6875183877611062,0.1456484548258376,NR4A1;CYP21A1;ADCY3
KEGG_2019_Mouse,Steroid hormone biosynthesis,4/89,0.8094370752616161,0.9763059902752446,0,0,0.7116361038342462,0.1504514305529,CYP2D9;SULT1E1;CYP21A1;CYP7B1
KEGG_2019_Mouse,Folate biosynthesis,1/26,0.8105861542875646,0.9763059902752446,0,0,0.6053634894991923,0.1271249076199486,GPHN
KEGG_2019_Mouse,Progesterone-mediated oocyte maturation,4/90,0.8162776754503481,0.97742511205105,0,0,0.7033236041803973,0.1427751793057439,CDC16;ADCY3;CPEB2;IGF1R
KEGG_2019_Mouse,Butanoate metabolism,1/27,0.8223355186259755,0.97742511205105,0,0,0.5820492108860444,0.1138527799142314,EHHADH
KEGG_2019_Mouse,Phototransduction,1/27,0.8223355186259755,0.97742511205105,0,0,0.5820492108860444,0.1138527799142314,GUCY2F
KEGG_2019_Mouse,Amyotrophic lateral sclerosis (ALS),2/52,0.8409343273054936,0.9920818060663648,0,0,0.6050444624090542,0.1048189378229333,APAF1;BCL2L1
KEGG_2019_Mouse,Drug metabolism,5/114,0.8419882486910106,0.9920818060663648,0,0,0.6933519694288731,0.1192490652819773,ALDH1A3;GSTP2;IMPDH1;GSTP1;GSTA1
KEGG_2019_Mouse,Endocytosis,13/269,0.8571566544659395,0.9999939790177436,0,0,0.766482080954323,0.1181413959860951,PDGFRA;SH3KBP1;CXCR4;CBLB;IL2RG;IGF1R;CYTH3;RAB31;CYTH4;UBB;GRK5;CXCR2;MDM2
KEGG_2019_Mouse,Renin secretion,3/76,0.8575611776209895,0.9999939790177436,0,0,0.6213592233009708,0.0954797721615513,ACE;PDE1B;CLCA3A1
KEGG_2019_Mouse,Glyoxylate and dicarboxylate metabolism,1/31,0.8624875512137958,0.9999939790177436,0,0,0.5043349488422186,0.0746085705430584,GLDC
KEGG_2019_Mouse,Autoimmune thyroid disease,3/78,0.8692713721282254,0.9999939790177436,0,0,0.6047249190938512,0.0847219137160468,FASL;CD80;CD28
KEGG_2019_Mouse,Citrate cycle (TCA cycle),1/32,0.8710195656843938,0.9999939790177436,0,0,0.4880400229298035,0.0673938561878422,PCK1
KEGG_2019_Mouse,Human immunodeficiency virus 1 infection,11/238,0.8779435153198593,0.9999939790177436,0,0,0.73137080457461,0.0952047469309361,PRKCG;NFKBIA;JUN;APOBEC3;FASL;PRKCB;TRAF5;LIMK1;CXCR4;FOS;BCL2L1
KEGG_2019_Mouse,Longevity regulating pathway,4/102,0.883597931410511,0.9999939790177436,0,0,0.6168057506403372,0.0763316536741336,SESN2;ADCY3;IRS2;IGF1R
KEGG_2019_Mouse,Lysine degradation,2/59,0.8878416286107905,0.9999939790177436,0,0,0.5305422002864882,0.06311430714412,EHHADH;DOT1L
KEGG_2019_Mouse,Peroxisome,3/84,0.8994482542303868,0.9999939790177436,0,0,0.5597506892005274,0.059318882121601,SCP2;EHHADH;EPHX2
KEGG_2019_Mouse,Nicotinate and nicotinamide metabolism,1/36,0.9001755223860095,0.9999939790177436,0,0,0.4321717055158089,0.0454495577314292,CD38
KEGG_2019_Mouse,Renin-angiotensin system,1/36,0.9001755223860095,0.9999939790177436,0,0,0.4321717055158089,0.0454495577314292,ACE
KEGG_2019_Mouse,Human papillomavirus infection,17/360,0.9039608597273164,0.9999939790177436,0,0,0.7470093952942412,0.0754249532034619,NOTCH3;CDKN1A;VWF;LAMC3;WNT7B;ITGB3;ITGA2;MX2;FZD9;PPP2R2A;PTGS2;THBS1;PKM;FASL;ITGA11;MDM2;HES1
KEGG_2019_Mouse,Neuroactive ligand-receptor interaction,16/348,0.9180295133664428,0.9999939790177436,0,0,0.7262016175905585,0.0621089301830142,CHRM3;P2RY10;CHRNA2;GABRA5;HTR1F;GRID1;PTAFR;C5AR1;LPAR1;ADM;GALR1;C3AR1;BDKRB2;GHRL;S1PR3;GPR156
KEGG_2019_Mouse,Nicotine addiction,1/40,0.9227447727623715,0.9999939790177436,0,0,0.3877635557764798,0.0311771988200501,GABRA5
KEGG_2019_Mouse,Antigen processing and presentation,3/90,0.9231979243235474,0.9999939790177436,0,0,0.5209798013614552,0.0416323459472994,CTSL;KLRC1;LGMN
KEGG_2019_Mouse,Long-term potentiation,2/67,0.9255946639028744,0.9999939790177436,0,0,0.4650457061128039,0.0359568076269717,PRKCG;PRKCB
KEGG_2019_Mouse,Dopaminergic synapse,5/135,0.9265038866985512,0.9999939790177436,0,0,0.5806944271287869,0.0443284926848437,PRKCG;DDC;PRKCB;PPP2R2A;FOS
KEGG_2019_Mouse,Homologous recombination,1/41,0.9275402040415482,0.9999939790177436,0,0,0.3780492730210016,0.0284365407271711,RAD52
KEGG_2019_Mouse,Glutamatergic synapse,4/114,0.9283482588202652,0.9999939790177436,0,0,0.5491645196908355,0.0408294691597039,PRKCG;PRKCB;ADCY3;SLC38A2
KEGG_2019_Mouse,Oocyte meiosis,4/116,0.9340778858684268,0.9999939790177436,0,0,0.5393001735106998,0.0367778205249844,CDC16;ADCY3;CPEB2;IGF1R
KEGG_2019_Mouse,Axon guidance,7/180,0.9343842989812208,0.9999939790177436,0,0,0.6104834471886496,0.0414319672608152,ROCK2;SEMA3D;SEMA4C;LIMK1;CXCR4;RHOD;EPHA2
KEGG_2019_Mouse,Herpes simplex virus 1 infection,20/433,0.9352266299946896,0.9999939790177436,0,0,0.7288949978845837,0.0488114696442341,RNASEL;APAF1;SYK;ITGB3;ZFP811;EIF2AK3;ZFP808;NFKBIA;SOCS3;IL6;FASL;ZFP52;CCL5;IL1B;TRAF5;ZFP791;CCL2;ZFP991;BCL2L1;BIRC3
KEGG_2019_Mouse,Basal transcription factors,1/43,0.9362571570735424,0.9999939790177436,0,0,0.3600084621893992,0.0237119932821681,GTF2IRD1
KEGG_2019_Mouse,Glycosphingolipid biosynthesis,1/45,0.9439261654083484,0.9999939790177436,0,0,0.3436077250697606,0.0198286845547951,A3GALT2
KEGG_2019_Mouse,Tight junction,6/167,0.9508328092978756,0.9999939790177436,0,0,0.5621798068640341,0.0283434401497333,JUN;ROCK2;HCLS1;PPP2R2A;ACTG1;RUNX1
KEGG_2019_Mouse,Thermogenesis,9/231,0.952895722606859,0.9999939790177436,0,0,0.6110415293342123,0.0294826324708068,LIPE;BMP8A;ADCY3;COX6B2;ATP5L;PNPLA2;ACTG1;FGF21;FGFR1
KEGG_2019_Mouse,Retrograde endocannabinoid signaling,5/150,0.9593395263387486,0.9999939790177436,0,0,0.5202034315095289,0.0215937613282672,PRKCG;PRKCB;GABRA5;ADCY3;PTGS2
KEGG_2019_Mouse,Fanconi anemia pathway,1/51,0.961830700144312,0.9999939790177436,0,0,0.3022778675282714,0.0117636967400484,HES1
KEGG_2019_Mouse,Pyrimidine metabolism,1/58,0.9756349631378372,0.9999939790177436,0,0,0.2650568262335969,0.0065380972825422,ENTPD1
KEGG_2019_Mouse,mRNA surveillance pathway,2/96,0.9843396196830508,0.9999939790177436,0,0,0.3210753538932558,0.0050679495554157,PPP2R2A;PABPC1L
KEGG_2019_Mouse,Aminoacyl-tRNA biosynthesis,1/66,0.9854153581180624,0.9999939790177436,0,0,0.2323350316888281,0.0034134763514648,LARS2
KEGG_2019_Mouse,Alzheimer disease,5/175,0.985822720437348,0.9999939790177436,0,0,0.4431070645438077,0.0063270093533597,APAF1;IL1B;EIF2AK3;COX6B2;CDK5R1
KEGG_2019_Mouse,Inositol phosphate metabolism,1/73,0.9906926736065388,0.9999939790177436,0,0,0.2096683719260456,0.0019605901174563,PIP4K2A
KEGG_2019_Mouse,Protein processing in endoplasmic reticulum,4/163,0.9920551543518704,0.9999939790177436,0,0,0.3789269981921422,0.0030225392787398,PPP1R15A;DDIT3;EIF2AK3;UBE2D2A
KEGG_2019_Mouse,Synaptic vesicle cycle,1/77,0.9927999547651076,0.9999939790177436,0,0,0.1985906810645353,0.0014350342645481,STX3
KEGG_2019_Mouse,RNA transport,4/167,0.9934389011928204,0.9999939790177436,0,0,0.3695486947666476,0.0024326346339484,EIF2S3Y;PABPC1L;NUPL1;THOC6
KEGG_2019_Mouse,Parkinson disease,3/144,0.9945645817049604,0.9999939790177436,0,0,0.3205260621083798,0.0017469452237106,UBB;APAF1;COX6B2
KEGG_2019_Mouse,Oxidative phosphorylation,2/134,0.9981704120392724,0.9999939790177436,0,0,0.2281791234903603,0.000417856146182,COX6B2;ATP5L
KEGG_2019_Mouse,Huntington disease,3/192,0.9995793539683908,0.9999939790177436,0,0,0.2385061899625006,0.0001003477892516,APAF1;COX6B2;BBC3
KEGG_2019_Mouse,Alcoholism,3/199,0.9997126694810392,0.9999939790177436,0,0,0.2299014265900535,6.60671882263131e-05,DDC;H3F3B;FOSB
KEGG_2019_Mouse,Olfactory transduction,4/1133,0.9999939790177436,0.9999939790177436,0,0,0.050582544116645,3.045575174860691e-07,PDE1B;ADCY3;SLC8A1;SLC8A2
